id,name
silvio-moser,Silvio Moser
auto-motor-und-sport,Auto Motor und Sport
bernie-c-ecclestone,Bernie C. Ecclestone
european-minardi-f1,European Minardi F1
sauber-f1-team,Sauber F1 Team
danka-arrows-yamaha,Danka Arrows Yamaha
mild-seven-renault-f1-team,Mild Seven Renault F1 Team
camel-team-lotus,Camel Team Lotus
ecurie-ford-france,Ecurie Ford-France
arrows-grand-prix-international,Arrows Grand Prix International
isobele-de-tomaso,Isobele de Tomaso
copersucar-fittipaldi,Copersucar Fittipaldi
trust-minardi-cosworth,Trust Minardi Cosworth
peter-whitehead,Peter Whitehead
ligier-gitanes,Ligier Gitanes
tony-gaze,Tony Gaze
guy-ligier,Guy Ligier
mclaren-f1-team,McLaren F1 Team
monteverdi-onyx-formula-one,Monteverdi Onyx Formula One
pacific-grand-prix,Pacific Grand Prix
gerry-ashmore,Gerry Ashmore
team-essex-lotus,Team Essex Lotus
josef-peters,Josef Peters
shellsport-whiting,ShellSport Whiting
trevor-blokdyk,Trevor Blokdyk
connaught-cars-paul-emery,Connaught Cars-Paul Emery
vels-parnelli-jones-racing,Vel's Parnelli Jones Racing
john-zink,John Zink
scuderia-scribante,Scuderia Scribante
scuderia-sud-americana,Scuderia Sud Americana
high-efficiency-motors,High Efficiency Motors
team-eifelland-caravans,Team Eifelland Caravans
kalamazoo-sports-inc,Kalamazoo Sports Inc.
ahrens-racing-team,Ahrens Racing Team
liggett-group-with-bs-fabrications,Liggett Group with BS Fabrications
ray-crawford,Ray Crawford
scuderia-ferrari-spa-sefac,Scuderia Ferrari SpA SEFAC
hrt-formula-1-team,HRT Formula 1 Team
penthouse-rizla-racing-with-hesketh,Penthouse Rizla Racing with Hesketh
ettore-chimeri,Ettore Chimeri
usfg-arrows-ford,USF&G Arrows Ford
tom-sarafoff,Tom Sarafoff
antique-automobiles,Antique Automobiles
john-james,John James
footwork-arrows-racing,Footwork Arrows Racing
peter-schmidt,Peter Schmidt
monte-carlo-auto-sport,Monte Carlo Auto Sport
pat-clancy,Pat Clancy
ellen-mckinney-zink,Ellen McKinney Zink
team-pierre-robert,Team Pierre Robert
jean-lucienbonnet,Jean Lucienbonnet
arthur-legat,Arthur Legat
bmw-williamsf1-team,BMW WilliamsF1 Team
scuderia-franera,Scuderia Franera
robert-bodle-ltd,Robert Bodle Ltd
custom-made-harry-stiller-racing,Custom Made Harry Stiller Racing
scuderia-de-tomaso,Scuderia de Tomaso
march-engineering,March Engineering
hoover-motor-express-inc,Hoover Motor Express Inc.
team-mclaren-mercedes,Team McLaren Mercedes
john-maryon,John Maryon
georges-berger,Georges Berger
skoal-bandit-formula-1-team,Skoal Bandit Formula 1 Team
footwork-ford,Footwork Ford
paul-seitz,Paul Seitz
officine-alfieri-maserati,Officine Alfieri Maserati
william-lutes,William Lutes
penthouse-rizla-racing,Penthouse Rizla Racing
ridgeway-management,Ridgeway Management
erwin-bauer,Erwin Bauer
leslie-marr,Leslie Marr
winfield-williams,Winfield Williams
english-racing-automobiles-ltd,English Racing Automobiles Ltd
barclay-nordica-arrows-bmw,Barclay Nordica Arrows BMW
w-thayer-martin,W. Thayer Martin
minardi-cosworth,Minardi Cosworth
jack-holme,Jack Holme
visa-cash-app-rb-f1-team,Visa Cash App RB F1 Team
roberto-mieres,Roberto Mieres
moneygram-haas-f1-team,MoneyGram Haas F1 Team
ecurie-bleue,Ecurie Bleue
stirling-moss-ltd,Stirling Moss Ltd
british-formula-one-racing-team,British Formula One Racing Team
coast-grain,Coast Grain
williams-f1-team,Williams F1 Team
tony-crook,Tony Crook
wolfgang-seidel,Wolfgang Seidel
brabham-racing-organisation,Brabham Racing Organisation
j-ensley-s-murphy,J. Ensley & S. Murphy
honda-marlboro-mclaren,Honda Marlboro McLaren
jack-hinkle,Jack Hinkle
beta-team-surtees,Beta Team Surtees
atlantic-stable,Atlantic Stable
scuderia-marzotto,Scuderia Marzotto
alfa-romeo-f1-team-orlen,Alfa Romeo F1 Team Orlen
kl-minardi-asiatech,KL Minardi Asiatech
mapfre-williams,Mapfre-Williams
ma-walker,M.A. Walker
en-whiteaway,E.N. Whiteaway
scuderia-gulf-rondini,Scuderia Gulf Rondini
carl-l-anderson,Carl L. Anderson
john-m-wyatt-iii,John M. Wyatt III
fondmetal,Fondmetal
scuderia-ambrosiana,Scuderia Ambrosiana
walter-wolf-racing,Walter Wolf Racing
honda-racing-f1-team,Honda Racing F1 Team
national-organs-team-surtees,National Organs Team Surtees
honda-racing,Honda Racing
siffert-racing-team,Siffert Racing Team
j-frank-harrison,J. Frank Harrison
ecurie-richmond,Ecurie Richmond
peter-walker,Peter Walker
pierre-levegh,Pierre Levegh
visa-cash-app-racing-bulls-f1-team,Visa Cash App Racing Bulls F1 Team
benetton-tyrrell-team,Benetton Tyrrell Team
theo-helfrich,Theo Helfrich
charles-pozzi,Charles Pozzi
city-of-glendale,City of Glendale
west-zakspeed-racing,West Zakspeed Racing
uralkali-haas-f1-team,Uralkali Haas F1 Team
minardi-scuderia-italia,Minardi Scuderia Italia
data-general-team-tyrrell,Data General Team Tyrrell
fred-sclavi,Fred Sclavi
martini-racing-team,Martini Racing Team
ovoro-team-march,Ovoro Team March
martini-racing-team-lotus,Martini Racing Team Lotus
broker-sauber-mercedes,Broker Sauber Mercedes
team-castrol-lotus,Team Castrol Lotus
reventlow-automobiles-inc,Reventlow Automobiles Inc.
pescara-racing-team,Pescara Racing Team
alfa-romeo-f1-team-stake,Alfa Romeo F1 Team Stake
team-brm,Team BRM
scuderia-ferrari-hp,Scuderia Ferrari HP
ken-wharton,Ken Wharton
equipe-moss,Equipe Moss
francisco-landi,Francisco Landi
martini-racing,Martini Racing
g-caprara,G. Caprara
george-walther-jr,George Walther Jr.
mild-seven-benetton-renault,Mild Seven Benetton Renault
penske-white-racing,Penske-White Racing
scuderia-ferrari,Scuderia Ferrari
fabre-urbain,Fabre Urbain
braun-tyrrell-honda,Braun Tyrrell Honda
ws-aston,W.S. Aston
fred-somers,Fred Somers
scuderia-colonia,Scuderia Colonia
fred-tuck-cars,Fred Tuck Cars
hl-motors,H&L Motors
rrc-walker-racing-team,R.R.C. Walker Racing Team
ligier-loto,Ligier Loto
sahara-force-india-formula-one-team,Sahara Force India Formula One Team
vandervell-products,Vandervell Products
scuderia-volpini,Scuderia Volpini
british-american-racing,British American Racing
andre-pilette,Andr√© Pilette
john-player-team-lotus,John Player Team Lotus
bruce-halford,Bruce Halford
motor-racing-developments,Motor Racing Developments
frank-dochnal,Frank Dochnal
automobiles-martini,Automobiles Martini
manor-marussia-f1-team,Manor Marussia F1 Team
osella-racing-team,Osella Racing Team
lucky-strike-racing,Lucky Strike Racing
